,username
0,tkersey
1,njonsson
2,bangpound
3,vincentkoc
4,Rud5G
5,mlsj1
6,syug
7,esneko
8,neopunisher
9,jazzwang
10,begoon
11,fly51fly
12,fallenpegasus
13,fribeiro1
14,brase
15,chchrist
16,massimoselvi
17,ScottJWalter
18,mikeputnam
19,adeelahmad
20,mindcrime
21,informaticadiaz
22,MarceloNascimento
23,skowronek
24,dsoul
25,dmsbilas
26,thimslugga
27,leecardona
28,shyuan
29,nara
30,dning1
31,openam
32,semsphy
33,DaemonCahill
34,Cambera
35,riyadparvez
36,nattfodd
37,mitaka
38,ZhangYunfang
39,temosy
40,threadstonesecure
41,manuelhunziker
42,ambagasdowa
43,daball
44,pedro-lima
45,alexharvey
46,josh-fisher
47,subidit
48,pdevenraj
49,jtmoon79
50,nerandell
51,raghuboosetty
52,tdmalone
53,34code
54,burib
55,whn09
56,bobbyearl
57,alishir
58,ahlfors
59,bsrz
60,mailmahee
61,mihkels
62,daefresh
63,dofstar
64,codee
65,LisaDelaney
66,EdZava
67,pmanolak
68,kistasi
69,tariqwest
70,afelicioni
71,firebitsbr
72,glaucodiogo
73,gunkaragoz
74,manjunathd
75,afonsoalban
76,rsaa
77,hvn0413
78,duxing2007
79,ste93cry
80,terran1942
81,jloiola
82,itanoss
83,anujku
84,thesobercoder
85,bygbyron3
86,rickymaciel
87,KevinGimbel
88,d-shimizu
89,zsp0817
90,konamo
91,voldyman
92,golf-x
93,alexjennings
94,Spinfusor
95,somaditya
96,apjowen
97,usui-tk
98,dengqixing
99,Davi-He
100,godsoul
101,kumar-nitish
102,toku345
103,snoop0x7b
104,PandaBlessing
105,andyuls
106,juanjoruiz2109
107,mangualero
108,haydenthai
109,proverbs53
110,Rajivhost
111,universewrld
112,dpapageo
113,HJiefeng
114,larsfi
115,kkpan11
116,plumcube
117,magigo
118,ahmadfaizalbh
119,flukebox
120,jakebrinkmann
121,simar1998
122,CheeseTurtle
123,AAbasinejad
124,virtuoushub
125,huamichaelchen
126,mumblepins
127,b3nkos
128,bretdarby
129,srinitude
130,the-watchmaker
131,codinggooner
132,kimpenguin
133,pthbinh92
134,weisberg
135,ace-coder
136,infinitedreams9586
137,tusharsoni08
138,hoansgithub
139,ritesh-singh
140,schallerala
141,alexxyjiang
142,star-fx
143,amavlyanov
144,garciparedes
145,keshabb
146,mcybulski
147,o-kakade
148,designisaverb
149,s0nlxaftrsh0ck
150,darasat
151,mklemann-com
152,nikkidada
153,tiloyi
154,roykalony
155,zhangxiangdong
156,thomasdalbert
157,LavenderDaisy
158,edisona
159,Steven-Acomb
160,kevcooper
161,jodavaho
162,side9show
163,teeksingh
164,kevingrondin
165,koyashiro
166,unlitdev
167,well1791
168,mleziva
169,ajian005
170,ykaidashov
171,ankur-gupta
172,Malacarne
173,anand-b
174,stdexception
175,MatterhornProject
176,tolgabuyuktanir
177,cash2059
178,rajabalaji-mp
179,anobil
180,radiochickenwax
181,vedamj01
182,jafferlin
183,yixiuhua
184,rodazuero
185,JustCallMe-AK
186,henriquerick
187,JoeyCai
188,Wyvernslay3r
189,gabrlyg
190,paulosiciliano
191,martinvaldivia
192,rdczhby
193,mys328
194,billykwok
195,andrey-berenda
196,sinhang
197,Pal3love
198,Lakshmiaddepalli
199,mohamed-abdelsattar92
200,rawer886
201,junhong202
202,thanhcsf
203,junaid109
204,arpitgo4
205,roykhoury
206,bafeiyu
207,Ylmzef
208,anlexN
209,Janujan
210,fwblcz
211,elaineleung
212,djinl520
213,protyay
214,selfishprimate
215,Mwalthery
216,GregAllenSmith
217,zgover
218,avestura
219,aspindle
220,pqrsooo
221,evanshrestha
222,bos-hieu
223,hanautoparts4u
224,sonimonish00
225,ljesparis
226,imvikramn
227,massivelivefun
228,garrettrh
229,adanone
230,ghishadow
231,shower1986
232,mseld
233,JasonYe88
234,seshurajup
235,xiaopizi19
236,pelamlio
237,Asavarkhul
238,ajay340
239,custadian
240,KlwntSingh
241,FelixFeliciant
242,learnerzhang
243,gamedebug
244,jonathanarodr
245,baboooin
246,osama-ahmed
247,nir-zilberman
248,changyongyong
249,bigDP
250,WajahatSiddiqui
251,markjohnlucas
252,Vaibhav
253,manavchoudhary
254,nikolaospapachristou
255,CallmeTorre
256,jcarlos001
257,vslala
258,peterjlay
259,Ngel-Castro
260,rilek
261,dawei-wang
262,George-Petrovski
263,DominikHorn
264,bptorao
265,JeffUssing
266,edstgo
267,yxblee
268,barisates
269,ankkrish
270,pratickRoy
271,pereirakadu
272,justinsamuel92
273,ryanulep
274,dotsnangles
275,609151318
276,RyanAugust
277,dbarrington
278,knhnd
279,akari0624
280,noid11
281,ioing
282,AruulmozhivarmanS
283,Tusharjagi
284,ivaylo-yordanov
285,rramirez0203
286,emullaraj
287,theranajayant
288,jkjavier
289,mcguegi
290,nbhirud
291,fischerleon
292,UmutSERIFLER
293,zhu0823
294,Joe192168
295,SanHacks
296,LindaHaviv
297,ball582
298,dmitrykrisko
299,qmajid
300,we1l1n
301,thangnm93
302,NikhilRyan
303,dongzhuoyao
304,jason1004
305,xuelangqingkong
306,godobyte
307,chanffdavid
308,anomaly-88
309,CLF3721
310,undabah
311,aymenbelarbi
312,ashish936
313,giotramu
314,0xlkda
315,guilhermebc
316,SMBgurus
317,brentclay
318,mate-h
319,artur-sak13
320,yorshreynoso
321,yehuizhang
322,AAdewunmi
323,balao7
324,flaviopavim
325,Zenidog8
326,aiwongs
327,kalsyanpradeep
328,charaton
329,jadanah
330,vonzou
331,jaymahfudy
332,maxsxu
333,keita-hino
334,KyuDounSim
335,depers
336,Anirudh257
337,jmartins-sh
338,satyarajreddy
339,Prithvish04
340,AnsonHwang86
341,xzm2004260
342,anirudhbagri
343,STCYC
344,rsmelo92
345,StrangerCoug
346,keren123
347,paraskevasleivadaros
348,Grimgog
349,noodanee
350,alobe
351,zhuzixian520
352,JadeCong
353,VitorSouza7512
354,ProfessionalBoatDrifter
355,dancause
356,graceko22
357,paletode
358,Timotej979
359,erenaslandev
360,serhiiklenachov
361,camerondurham
362,khanhhuy288
363,gstair
364,wwfyde
365,hotsticker
366,ningfc
367,RishabhKr97
368,jiangoz
369,ardasatata
370,Murplugg
371,tanvirstreame
372,kworkbee
373,arnab-ray
374,yuriykuntsyak
375,StarDustTwinkle
376,bahadirsahin
377,SMSesay
378,jamestiotio
379,anuj97
380,yaelBrown
381,motmaytinh
382,desaidn
383,NoxGamingQC
384,aravinthakannan
385,lingjiekong
386,diohsb
387,janviyao
388,hijiki51
389,mksarge
390,pradeepkni382
391,rdnasim
392,shrinidhibarthur
393,StrangeKnowledgeIncresed
394,Austin47
395,shokriw
396,franklin-monreal
397,xxh031203
398,dororoholic
399,chipro
400,lossfunc
401,feapaydin
402,loumalouomega
403,james-sungjae-lee
404,garyhtou
405,d3v2null
406,msweetland
407,alfaisal7313
408,jrjm1111
409,mitutitu16
410,ShuhaoZQGG
411,akashsathyan
412,sushant-joshi
413,chrisskhoury
414,jeremychauvet
415,alxporto
416,riturajDas
417,Logicus03
418,chinchillajared
419,isabelchaves
420,shikharsaxena98
421,flukelaster
422,rjuer
423,mussieh
424,pawa2007
425,lintsai
426,6thpath
427,nj1787
428,rockychang7
429,hanwgyu
430,wudangqibujie
431,DihanDai
432,drewfrost
433,bixo-d
434,MUmarJaved
435,contimatteo
436,amaankulshreshtha
437,surajsahani
438,hackenbacker
439,petronem
440,my1795
441,Pzoom522
442,SpeicherA
443,nityansuman
444,akbarboghani
445,hahacyd
446,wangtiechuan
447,lynmison
448,anaghkanungo7
449,RickyC0626
450,WladFrazao
451,Ming0217
452,caesar-one
453,xuepengwei
454,Ishanna
455,nvspavankalyanch
456,JoeRMiller
457,luwen193
458,devStarscream
459,nkn6294live
460,FanJups
461,ShwetaShivangi
462,amwi04
463,mnk400
464,pd14196
465,samirdjelal
466,tychodev321
467,TheFJS14
468,Baleryom
469,caitinc
470,almokhtarbr
471,andreacip
472,alexanderafanasov
473,duranbe
474,thapaashis110
475,soccernut
476,mdobro1
477,royswale
478,saneknight
479,AnhTrieu
480,janmarkuslanger
481,morinyan
482,gujiacun
483,adileone
484,BIGChask
485,mapjx
486,fuhaoma
487,DXLZ
488,nuffQuantumSayd
489,nikfed280199
490,kekemao00
491,lamsd
492,anuq
493,igorasantos
494,metaphor0
495,iashutoshtiwari
496,yaravi
497,skippermin
498,masakiasami
499,gurtejrehal
500,huannvttd98
501,SantosCristiano
502,thatbeautifuldream
503,happyqq
504,iameduardod
505,wuchunfu
506,venkate5hgunda
507,NousheenAnwar
508,whuhxb
509,ks1990cn
510,ronnielutaro
511,Samutichev
512,jongan69
513,nmoisess
514,kayericson
515,tjolr
516,LuGO0
517,rishikavikondala
518,lodhik9
519,cultivate5253
520,elafifi
521,akazyti
522,boomer2752
523,Luccasoli
524,benmassaoud
525,abheesht17
526,ShrivatsAgrawal
527,farhan-2202
528,HebaElGalad
529,himanshututeja1998
530,sevenhqj
531,AsadAmir111
532,CWHer
533,Pei1133
534,proKress
535,SamuelMaculuve
536,pasenchenko
537,jinjidong
538,hongism
539,eemailme
540,Nikronic
541,Razdeep
542,jkh920184196
543,jimbrig
544,FenTheDev
545,Dxdzy86
546,ThaoNhienNguyen-Erika
547,chunkSpadunk
548,patrick22414
549,diguapao
550,pseshadri9
551,Jiahuan-Pei
552,AdityaSoni17
553,shelthack
554,dykderrick
555,johngunerli
556,xmaxance
557,akashmdkml
558,Menotron
559,smustafa75
560,nanaboat1
561,eshack94
562,S-Swaroop
563,Karim-53
564,EthanC-8
565,nitinnbisht
566,ericpark123
567,Matheus-ESW
568,allenduchaoyuan
569,Yulv-git
570,hexolan
571,moqsien
572,MilleniumSpark
573,sagsango
574,Programador89
575,robertgro
576,JasonMoon95
577,limeng92
578,raashidanwar
579,jackpan123
580,bshreddy
581,TsukasaSeto
582,almiracioly
583,PallaviVarandani
584,alvinlal
585,Rookl
586,awabasher
587,Katsukiniwa
588,huuquyet
589,PMcTwist
590,hqng
591,rkv0id
592,MadeInLondon
593,SimonVonXCVII
594,sigsant
595,celikgokhun
596,shiva0612
597,jk4freedom
598,kyamashiro
599,LasVegasBilly
600,Turbocaspal
601,davnunes
602,afondiel
603,johnnyrtrentin
604,stnorbi
605,stacyrymer86
606,zero-null
607,jh9875
608,eduardoteles17
609,GITWHB
610,devinkg
611,ricardosuman
612,mencarellic
613,rabbithophop
614,ftf1218
615,hirawatt
616,adilet-saken
617,marcomamprin
618,Thejuskbenny
619,TomasDavidYe
620,nanaxumu
621,GabrielFerrante
622,13995595007
623,tinahuang222
624,edgaramirbekian
625,Bhavuk-Garg
626,Mzon2857
627,thiagomares
628,skleee
629,mjsheikh
630,anishamalde
631,easy147
632,TeddyCom1
633,prabhumns
634,VSXV
635,HyunjunA
636,harishravi121
637,Habib16051
638,iamharvey
639,rahul-zomato
640,ricardopra
641,avanishvyas
642,inframarauder
643,YjqZhouxiao
644,adhamsalama
645,LuoTailong
646,AtaraxiaZ
647,hyanzhang
648,sovansambath-phann
649,rkej
650,jinshuye
651,ibn-khafagah
652,kartikeytewari
653,md-arfin-cse
654,johncruyff14
655,johan-lab
656,ambanerjee
657,bzamith
658,deviknitkkr
659,Abirul
660,ranefattesingh
661,nesakobi
662,yungwarlock
663,hunghg255
664,matoszz
665,andrewdge
666,RobertConde
667,rksamu
668,hartl3y94
669,saarthdeshpande
670,leechenze
671,Dexterzprotege
672,alan713
673,sandrawilczynski
674,ManojTGN
675,Debarshi95
676,gauharayub
677,GowthamSk1
678,PolyTroid
679,middas-0706
680,seanwynwins
681,WendyYanto
682,sangamesh-kodge
683,claudsonbarros
684,yotamnahum
685,huiminlim
686,sumukhteja
687,valtab
688,JankinTian
689,djmcclary
690,theroyakash
691,sadoreko
692,billsenxu
693,MarcoSantonastasi
694,cheungfujai
695,amadsalmon
696,infinitepower18
697,ashr4f1arr2ad
698,rgdyy
699,shayanekat
700,fellipematos
701,Disciple0fMarx
702,VE5ETA
703,KlinKlinKlin
704,ishu-thakur
705,brijeshbhalodiya
706,zaaakher
707,XRLZX8
708,soumyadbanik
709,zhnzhang
710,yhf98
711,xjhofernandes
712,gauravagrwal
713,juanca-jimi
714,mapy1874
715,JohnDNC
716,zeelsheladiya
717,ImKunYoung
718,EduardHov
719,kamelbendi
720,mitchell-cheng
721,Soumil-Bhattacharya
722,mahmoud-elghonemy
723,johnmccants002
724,samedsemihs
725,moramadan98
726,aymandarwish
727,HongLouyemeng
728,maniac1122
729,Sambit650
730,haja-fgabriel
731,kohring
732,okonri
733,paulohenz
734,leopoldoH
735,cnhuz
736,liltommy1dev
737,Wwillers
738,owini
739,amirmojarad
740,RichardZj
741,hellomikko
742,MarcoSteinke
743,yanquanfahei
744,acox216
745,smy1999
746,switcombe
747,anujchoudhary-17
748,mazrean
749,XrosLiang
750,994Simone
751,matheussooares
752,Mystic-77
753,bruno-aires
754,Jirigesi
755,PerfectYellow
756,imokhtar
757,GvHarish9894
758,ArthurAnastopulos
759,w3dg
760,guilefoylegaurav
761,denmj
762,frankxzAmazon
763,ericwidjaja
764,mirfanaslam
765,nayeonshin
766,xiaozhiob
767,u-yas
768,smelouah
769,icqmula
770,ndagan
771,dmascheck
772,Abhirajnow
773,sanjuchandra
774,sadiqshaik123
775,cccaimingjian
776,anurag01a
777,masrafi115
778,Liebmann5
779,sm-heard
780,Abhijrathod
781,leonardoknakagawa
782,agastaldellomaccomit
783,steffiypx
784,AdnanAaddi
785,MaxDeveloper16
786,hchen19
787,leonardofhy
788,tenpa007
789,gtrman97
790,clay-curry
791,MuffinAmor
792,amiranbari
793,rushilenekar20
794,soma2000-lang
795,jin-sungdae
796,Git-Codder
797,Ayush-Pujari-07
798,songziqwq
799,goillotc
800,2019-GitHub-Chu
801,Tarsisnbs
802,dylenchang
803,chinkin707
804,frankporco
805,surajongithub1986
806,adithya1010
807,sametcn99
808,HUNG-rushb
809,Aditya-Khemka
810,chanwoo00106
811,FrankQixiangGao
812,alikemalozgumus
813,Codesmaster-lab
814,gwd666
815,dhanrajswami
816,Supriyo8799
817,Maher-RJ
818,Dajun-2019
819,0xa3k5
820,LuanGomes12
821,stevenrsewell
822,Symon629
823,martintaylor1635
824,kranti2201
825,prad-j
826,jaquespavan
827,huiyouyou
828,vignesh5535
829,huai-jie
830,bipin0x01
831,chrichri17
832,GessioMori
833,TylerMamrot
834,danmslamt
835,Pecorari
836,1MuhammadFarhanAslam
837,br8km
838,najmehn00
839,Uplift-0508
840,samtimur
841,ajmalbinnizam
842,TatsuyaNakagoshi
843,jigordev
844,NonymousMorlock
845,EfeAcar6431
846,akinfelami
847,avstreamdevpro
848,kqiq
849,NaoyaTatetsu
850,mijung-in-11st
851,simonjgr
852,osman-nazir
853,Vigneshkumar212
854,avadhutjc
855,MLHaddon
856,Capital-SetMawHtay
857,sumairq
858,jcork4real
859,samr874
860,aditya-repos
861,spencerlepine
862,calbergs
863,yusuke-z
864,Yuri-Mendes
865,jimmysmits
866,Drag0nf1y
867,JohnDoll2023
868,Saipraneeth99
869,santoshlite
870,vinodpatildev
871,leejoonhun
872,mmhamdy
873,lorenonzi
874,baisedongtian
875,arqam365
876,hiyyg
877,b0nafideCicer0
878,VitorAkira-me
879,Jesus-Retr0
880,solfonte
881,PrideStudio
882,PriyamJha0124
883,Matt-Bulk
884,xiao-cy
885,meijihatakeyama
886,galichy79
887,thefaheemkhan
888,Flaiers
889,HenriqueFurtado-Dev
890,Derokkk
891,Shahna-C
892,chosungmann
893,Ethan-Ka
894,grahamwaters
895,deezeddd
896,jaymepsantos
897,mohamedhabibwork
898,Rayane-Aboud
899,hueiwhfa
900,anurag1504t
901,rudra-code-creator
902,rajveer43
903,Kushan2k
904,Thilak-KN
905,Tiger15cub
906,AesisGit
907,rafaelporfiriobarros
908,OBud75
909,yosefkiros
910,benzebra
911,HamdanAr
912,ralintuscano
913,rhattox
914,FurkanEdizkan
915,Tyalor
916,SegaGLm
917,celso-na-teixeira
918,nilesh05apr
919,EM51641
920,seanpm2001
921,thiagomendonca-eu
922,rainmana
923,dylanhood
924,chris0765
925,JohnPPinto
926,Pquar
927,oss-mad
928,TrNgTien
929,Mindula-Dilthushan
930,AHANCIT
931,sebaminaya0
932,d-t-n
933,vinoth-techie
934,rbuchmann77
935,Rameshraj55
936,SeifEldinMohamed
937,SteCC
938,daniel-dqsdatalabs
939,JoseRicardoPE
940,PhumyJS
941,yuyingjun0922
942,shakhzodtojiev
943,ShabbirHasan1
944,klkuoguru
945,ggopal13
946,angeloS-98
947,yagikota
948,DougRog
949,ipez98
950,litingyes
951,buddy1276
952,rdbender
953,balajiCubie
954,uivid64
955,deevanshu-k
956,linquint
957,pjiang15
958,jeanhackpy
959,PhaedrusFlow
960,nguyen-duy-tan
961,Tpeach9474
962,KennyOliver
963,ronnieangeles
964,Lucas-sudo-dev
965,mahmud0v
966,carnate-tech
967,AldairAvelino
968,mertkilix
969,Ghost1386
970,asmnajmussakibkhan
971,harshitclub
972,istellaliu
973,QuantumBoy1010
974,polygonnedpotato
975,MadushanNimantha
976,Choikyudong
977,Harshi-itaSinha
978,anthowest
979,emiltervo
980,gustavoturin
981,mohd-salem
982,Infisrael
983,bjin0822
984,MateSousa
985,marcelozepeunam
986,canyoldas0
987,erfuun
988,madcitymultimedia
989,arunavabasucom
990,JonathanCristovao
991,ugke
992,Gustavo-Murdiga88
993,uk-2
994,Jiyu-Kim
995,aadarsh-af
996,karthikmurakonda
997,fantastic0206
998,littlelionly
999,thunder-007
1000,Rahulengineer-spec
1001,ibarraz5
1002,vidda5
1003,AndreiMariciuc
1004,tatvil
1005,michelececcacci
1006,nabeelnoor
1007,sherlcok314159
1008,mist1024
1009,elerner42
1010,vedantraval2310
1011,juliana-silva-hub
1012,mrrushikeshdaund
1013,sudongyuer
1014,LlandspitRunzingf
1015,jianan1104
1016,Westsi
1017,AnmolVerma404
1018,JoseLopezSolis
1019,Ashish0898
1020,muratali016
1021,ozancck
1022,farinaceos
1023,zamoosh
1024,KISHORE-KUMAR-S
1025,anadeem2
1026,VincentIhab
1027,natdosan
1028,ManojJ07
1029,cx63cc
1030,riadelimemmedov
1031,ForBai
1032,David7ce
1033,EduardoCorazon
1034,aoshenx
1035,DamonAustin
1036,chococandy63
1037,sozelfist
1038,itsRealEllis
1039,weiliw-amz
1040,llllllilllilliii
1041,VenuGarlapati26
1042,samliu90
1043,gerald924
1044,FukazawaKazushi
1045,TheTrueKen
1046,TakahirosGithub
1047,StephenOravec
1048,sccvn
1049,yaroslav-honchar
1050,sbdeveloper90
1051,BilgeBalga
1052,loupprodi
1053,shirushi-dev
1054,Samruddhi362
1055,lettymoon
1056,clearljn
1057,jiaweicai92
1058,Mairobinsky
1059,pritamkpratihari
1060,HenryDV
1061,federicoreppucci-deliveroo
1062,buiquangthanhcode
1063,Jibe7
1064,MJ-Tech-H
1065,KendallDoesCoding
1066,Shrey-Srivastava21
1067,niravpi
1068,Itisjigar
1069,piyusagr
1070,junzmint
1071,enricoasc
1072,rakshit782
1073,PoojithaIrosha
1074,adnene-guessoum
1075,Yajie-Zhang
1076,huseyingirgin-eva
1077,script-lab
1078,ccampa896
1079,Nandita-SB123
1080,protechq88
1081,poojasundar15
1082,me-deshpande
1083,Ahmedhamza1232001
1084,nurullah-arican
1085,ariyandevanand
1086,ishika1501
1087,mdzaberalhamid
1088,MuziZwane
1089,ahamedrujhan
1090,batz-gg
1091,jmoore78
1092,saitejar110507
1093,ekaterina4952
1094,KalvenDebig
1095,kumartul
1096,eaxoy
1097,charan11sv
1098,YoliswaD
1099,frankpengau
1100,wanjanhasan
1101,Phillipe-Hugo
1102,Hoanganhvu123
1103,ndnan
1104,MarshallOkafor
1105,NickMezacapa
1106,fedebayer
1107,xwillxu
1108,danielaiyuan
1109,tkm9602
1110,NavratanPatel
1111,Tahsin411934
1112,Samruddhiiii
1113,fvarghese99
1114,rediahmds
1115,nishantb06
1116,Louuuaiii
1117,FelipeFama
1118,marcusPrado02
1119,Arshu200
1120,josephmartinmoran
1121,AndreCoutinhom
1122,natamartins
1123,elcnu986
1124,sssamm29
1125,NChub
1126,techprogo
1127,mgaspirc
1128,SarfarajRahmn
1129,Aniketchaudhary16
1130,JeromeXapix
1131,ClaudiaA18
1132,stoicsapien1
1133,ElizabethJoseph25
1134,dfordp
1135,Manbendra2014
1136,Saleheddin
1137,enVId-tech
1138,heshara2000
1139,Saba42V
1140,Shahid6289
1141,henry-vipnet360
1142,jsSmash
1143,thrashghost
1144,prejin2310
1145,alismask
1146,rodrigommar
1147,Sudhanva-Nadiger
1148,FelipeBNascimento
1149,ethangtkt
1150,mb4m1
1151,Lucas1114
1152,puppsupr
1153,neox-d
1154,naji0329
1155,SuperSmile0109
1156,Giasinit
1157,apella1
1158,0laday0
1159,pannacottaaaa
1160,mars-aria
1161,RichardMulambuzi
1162,RYANFRANKLIN237
1163,Thund3rHawk
1164,LaughingJackalope
1165,ygill
1166,isaacbrendel
1167,Avidlearner001
1168,zagui-master
1169,Ganesh972
1170,marupon3910
1171,Fuko-Ibuki
1172,JeffreyChim
1173,supbrice
1174,black-mold
1175,BrunoGr0883
1176,tomgangwang
1177,emmyoh
1178,alxnjalex
1179,molochnyh
1180,leonardonakagawa
1181,chkp-bryans
1182,hgnzheng
1183,itsagurin
1184,sghost13
1185,SpikyWU7
1186,shashank-mishra14
1187,missAnneThorpe
1188,KoolSoul
1189,Naveen2334
1190,IAMPARSI
1191,LeonMS123
1192,HarshitC-27
1193,nosh09
1194,Angie-Zhang
1195,windycomestatus
1196,Vladdstian
1197,satayuji
1198,HJPandey
1199,ryanherd
1200,AmineLemsih
1201,gremsyQuanLe
1202,LKChigumadzi
1203,Kenaaaaaa
1204,koray-aydin
1205,bekbolsun446
1206,lchen104
1207,louisphihaihoang
1208,RahulDubey391
1209,SnKToR
1210,Rupesh510
1211,vatsal-30
1212,akshit2257
1213,pppppyamaP
1214,Rajesh562020
1215,Trik01
1216,zahidhussain998
1217,hemsridh
1218,Vijay3725
1219,DDDavey
1220,adoussal
1221,iopebiel
1222,lowep
1223,yolo102938
1224,FlawlessCasual17
1225,dhineshprabakaran
1226,qdclub
1227,asimpson0000
1228,dmytrochumakov
1229,thatme12
1230,JaRLenZhang
1231,The-code-is-secret
1232,jeremyw-dobeu
1233,christine-sandbox
1234,Comosaycomosah
1235,maxrathmann
1236,AaronSMathew
1237,FIDEL7Z
1238,rohit250799
1239,MirboboyevJasurjan
1240,General-MP
1241,lucasaraujodev
1242,vishaal3301
1243,aka5050
1244,truemanstock
1245,tori-ham
1246,dubytang
1247,jasonthedataguy
1248,AContesini
1249,julianomolinari
1250,Ponthezs
1251,xMxrgan
1252,akhmadmamirov
1253,ParagDD
1254,bourbakiN97
1255,Myceliose
1256,mil2tech
1257,menawi
1258,ad0niram
1259,chrisgomad
1260,looooooooy
1261,ayitharevanth
1262,Julioalvestv
1263,Ashishh0007
1264,seespike
1265,ropdias
1266,penguinpottery
1267,crr-bbai
1268,ComprehensiveAmoeba
1269,andedavd
1270,WLHQ
1271,manuelortizus
1272,aibolu
1273,MaxBryne
1274,Frisek
1275,shanenichols-channeladvisor
1276,mircoisendu
1277,soriqoo
1278,ThecoderPinar
1279,romans1234
1280,silviana-hs
1281,risingcurve
1282,rigvedp97
1283,sahanediriweera
1284,Raghavendra-Yadav
1285,jcf170030
1286,vladelets-vselennoy
1287,ThomasCode92
1288,paulaPSOx
1289,rsenthur
1290,xmartinsbr
1291,dhrubajyotifounderofDSoft
1292,JulienCamp
1293,ryan-w-roche
1294,montyma-amazon
1295,BryantVencil
1296,Vasco-Arts
1297,YgorAlcantara
1298,akshaygp18
1299,AgentofPhoenix
1300,JapnoorHere
1301,Zaka123456
1302,Pulimi1991
1303,modabossymaxk
1304,gurawliprakhar
1305,TheNicCraft25
1306,xingole
1307,Janxxxx
1308,chukstochi
1309,srdegbe
1310,chuzairnisar425
1311,IzaacCoding36
1312,Emzie2212
1313,chacin04
1314,pushkarcode
1315,bbazwalt
1316,astuteIsrael
1317,zhaoyumin2022
1318,Calum09
1319,mshtorache
1320,anbinh93
1321,TN-Junior
1322,Itzkuldeep444
1323,rafaelgandis
1324,iamchiranjeebpanda01
1325,gsoni1
1326,aniruddhawathare
1327,Qianru69
1328,samiamorshed
1329,mrlizhaozhi
1330,chris6090
1331,soorajaryan007
1332,IKashCode
1333,Anmol5519
1334,krishnaghugare
1335,fernandobraz88
1336,bhargavbijjam
1337,BigSlum
1338,sachin21t
1339,RomDev7
1340,doski22
1341,allaboutevemirolive
1342,hongbo-wei
1343,mdhumairraza
1344,Laindrion
1345,kdelcampo13
1346,Hoppeful
1347,vaddikeshavareddy
1348,MahdiCodee
1349,DonzerHD
1350,darenj456
1351,coder-nian
1352,shubmanh
1353,kybex11
1354,VasanthamHimaanshu
1355,luizvulpi
1356,SvipWangyh
1357,innocentc
1358,gtamaral
1359,1jana0
1360,beyzaaydogan01
1361,ardattoprak
1362,Armkas
1363,mgtian03
1364,Vincent-Y5
1365,GuilhermeeCustodio
1366,rajwadejii
1367,carlosgomezi
1368,fevziismailsahin
1369,Prateek-Wayne
1370,1allan2
1371,RaviYadav02
1372,DadMouth82
1373,jvitorlk
1374,Su-Tcode
1375,gitteedara
1376,iam-back
1377,Ananya2311
1378,MaxwellNi
1379,eloidieme
1380,winfredbo
1381,DeclanGH
1382,xcrar
1383,Sheepdog2022
1384,Salvapazzo86
1385,Mohamed988o
1386,jessepeq23
1387,htiennv
1388,Shashank1407
1389,AngelCen14
1390,rsmaayon
1391,jouaraujo
1392,ali-fraz
1393,sbaws
1394,rany01
1395,Anis-Web
1396,Ig0rFA
1397,Som-III
1398,wshanleee
1399,ansh2903
1400,konpap-chan
1401,LuizGup
1402,sudoblanc
1403,Arun-gox
1404,DominikWunderlich
1405,amitsingh2022
1406,bonnysi76
1407,misaelsp
1408,developer1618
1409,JaafarLezzaik
1410,AliHossam98
1411,Renpeng01
1412,shanechioa
1413,LekshmiPrakashhh
1414,pchalise7
1415,Eleutber
1416,Valliebby
1417,camilasoares045
1418,poemww
1419,Sray47
1420,Johnvesslyalti
1421,Alexdon1988
1422,jinholee-lab
1423,aminbiography
1424,Svetozara3363
1425,alejandro-requena-cervera
1426,MarcelloCordal
1427,github-world192
1428,rajeshkanugu
1429,sivalaxman07
1430,Chetan-Patil-52
1431,pookiecookiee
1432,raphaelguardiano
1433,choiruddine
1434,Nithin-singiri
1435,adiibnuajat
1436,krishnagptamcs
1437,yanwei257
1438,sergiojfsunior
1439,Mjawadasad
1440,GiuLOCX
1441,L-Alexandre
1442,Sebastiaanel
1443,me-Shahriyar
1444,firefitdesgns
1445,themrhoffmann
1446,mgrundwuermer
1447,ryanAMZN
1448,Philipabao
1449,bnmbz
1450,Chadkendu
1451,Olaffson
1452,Hamza-H10
1453,karthik121222
1454,AbhisekWebDev
1455,timboslice832
1456,braedonbillingsley
1457,gilleswb
1458,Naruto-79
1459,aostar168
1460,shivam-tadas
1461,tinajiang26
1462,marcosdataleal
1463,nandarshan
1464,HappyMicky0317
1465,Andrei-Boghiu
1466,martinOofay2023
1467,josielabreu
1468,Wuzoobia
1469,VISHALVARUN011002
1470,ColdCodedotso
1471,19raulruiz68
1472,zaim03767
1473,Nanigullipalli
1474,imishangrover
1475,wiscdn
1476,ortanaV2
1477,sks972
1478,TheReDNooB
1479,benthvmas
1480,omarhabd
1481,Kayra-Baran
1482,purushoth2603
1483,ywangire
1484,ZenShuHara
1485,chende1121
1486,TF-185
1487,mdadnankh
1488,VidhiS07
1489,AleMartins2023
1490,JCOOPER5646
1491,danylo-miranda
1492,SangaoWe
1493,Maycon-dSilva
1494,viktorhuszag
1495,imanol-2021-12
1496,cropoffquadcopter
1497,andregustavoaguiar
1498,aws-apradana
1499,choimikey
1500,nazidul
1501,yudai-shibuya
1502,datamoro
1503,KAEWPRASITKRAN
1504,Maycon-Melo
1505,lanjua5899
1506,TheWitchySarz
1507,JStk-Dev
1508,notjustjoshin
1509,niveshatom11
1510,LucaMaximilianBuchwald
1511,amenihong
1512,MT-Designs
1513,ben9672
1514,YuvalYanay
1515,aristo-alex-develops
1516,Abeldsonndiku
1517,WIN1NG22
1518,GauravDevOps711
1519,BogdanKlimov11
1520,S-PScripts
1521,paracatuatomico
1522,gitgptmin1973
1523,PatientProblemSolver
1524,jiang3d
1525,the-new-fifty-two
1526,DavideSchirru17
1527,RajVishal7
1528,CameronScarpati
1529,thinkerZz
1530,Toony-mahmoud-saad
1531,joaovgcoelho
1532,V-AI-ML-DL-DS-PL-PYTHON-JAVA-GO-2023-0
1533,tree-shrew
1534,Amisha-verma2907
1535,ocupadaparavc
1536,nogueiralf
1537,zactseng
1538,ricberht
1539,ChamelePhantom
1540,abolfazlhajjar
1541,Tariq-Anjum
1542,vedamjamz
1543,adminjd
1544,justzh
1545,Zzzyyy2023
1546,Chrishargrove58
1547,Kikikickss
1548,luneto10
1549,538mansi
1550,INGVARtattoodjnWEBdev
1551,PPCXZ
1552,cvs0
1553,ZumaGr
1554,worriedape
1555,NikunjWorkDo
1556,rshuba4
1557,sairavi5887
1558,ravigiri91
1559,dminduca
1560,nareshns2004
1561,ialksng
1562,ThokozaniMntambo
1563,vx-vijay
1564,Sofyaolvs
1565,hatimhar
1566,Valoron
1567,acya-amazon
1568,kidu-s
1569,unstatistical
1570,GiorgioAntonelli94
1571,niroshinimurugadas
1572,chrixcrusher
1573,harishravi131
1574,wishspotting
1575,harishravi141
1576,harishravi151
1577,luisdavidpaz
1578,JustSouichi
1579,suncoastcloud
1580,Nikhildsaroj
1581,Pranavprasadsinghs
1582,augustomangini
1583,CS-Explorer
1584,miguelkuter
1585,JeromeyDynamics
1586,Pymster
1587,Sethfire2
1588,sfc-gh-cmilton
1589,battechcto
1590,Guilhermedev9
1591,SavetoAI
1592,pawvan
1593,the3letterscompany
1594,unitop010
1595,ANVESHBV
1596,tufanbil
1597,iamakachili
1598,arturogaitatzis
1599,Morkonian9
1600,beverlymallen
1601,NikolaiYYDS
1602,lucasm-paixao
1603,y-hbb
1604,HkDotPY
1605,Bishal-11
1606,yashprogrammers
1607,goeo1066
1608,GitHub7667
1609,cstiago
1610,SnorlaxCansado
1611,rahulnuvo
1612,natamartinscodedev
1613,abhisekde96
1614,programming-applications
1615,arch1024
1616,remotemommy
1617,Sameerkhansabri
1618,SA-Official
1619,XQH139
1620,Disnord
1621,AbdullahKhalide
1622,theHeadlessGrapes
1623,3d01
1624,RuanGaldino
1625,FlipGeorgios
1626,mohamedahmedch
1627,negoceio
1628,AmirSheikhmagomedov
1629,anthonybiondojr
1630,zhuofuAMZ
1631,Dereck234
1632,WorananH
1633,CauaFChristoni
1634,SushilkumarDev
1635,valuezon-team
1636,imanojchandra
1637,nihanth1234
1638,rsmelonw
1639,DarkCodeStudios
1640,Rumie01
1641,nickdengamazon
1642,jaiprakashbhola
1643,fbrunamiranda
1644,iirachet
1645,chuqiang188
1646,Ian2027
1647,J4R3D5
1648,sourenroy
1649,MominIshaque
1650,kavin-raja-d
1651,kyawtiz
1652,arihitaD
1653,Michael-MSL
1654,SkyeCai0608
1655,GeekAmir
1656,7IAM7
1657,bbg-it
1658,thankful-kitt
1659,PauloDevelop01
1660,tpna
1661,AbolfazlPoornaderiyan
1662,migueelss
1663,harish-zuper
1664,bear-dotcom
1665,Robertrabbit0802
1666,godkerbi
1667,Administrator33
1668,DennisEms
1669,omarmoashraf
1670,mohammadmehrani83
1671,EsadCakinPD
1672,K437-max
1673,Jayveer-Singh0017
1674,Yasaswini-Yasaswini
1675,github-audiyang
1676,mikey-sys
1677,Pascal-Felis
1678,HiagoPetry
1679,Eduardo7coelho
1680,fbaravalle-arit
1681,Himmu-52
1682,ezatk
1683,jvieira209
1684,20240906book
1685,zeroone98
1686,455272
1687,sapiendummy
1688,Johnny5x5
1689,ahcetse
1690,Sonne40
1691,sriishtyb
1692,micwilsoneng
1693,anup-aws
1694,ikomers-dev
1695,recconect-max
